WASM,Docker
15.5078125,54.53515625
