WASM,Docker
73.74977339514798,92.12099109368118
