WASM,Docker
19.72265625,54.8984375
