WASM,Docker
71.6989984463952,83.95688048815963
