WASM,Docker
13.578125,34.72265625
