WASM,Docker
17.8984375,34.74609375
