Input,WASM interpreter,WASM jit,Docker
1,0.0166584,0.0005231000000000001,0.0001851
2,0.0180548,0.0005042,0.0001901
3,0.018302199999999998,0.0004893,0.0002144
4,0.0185295,0.0004906,0.0002052
5,0.018370599999999997,0.000515,0.0002099
6,0.0176437,0.0005258,0.00021419999999999998
7,0.0355476,0.0010785,0.0004078
8,0.0929306,0.0030379000000000005,0.0011379
9,0.18178450000000002,0.0062852,0.0020816000000000003
10,0.4483162,0.016498699999999998,0.0056347
