Input,WASM,Docker
1,0.0062463533333333345,0.00022961000000000037
2,0.005945073333333325,0.0002252600000000001
3,0.006126916666666664,0.0002488066666666669
4,0.006368889999999999,0.00028093666666666704
5,0.006192303333333332,0.000250036666666667
6,0.006209276666666671,0.000238386666666667
7,0.012434453333333333,0.0004522566666666659
8,0.034530233333333334,0.0011322333333333332
9,0.06798634333333335,0.001907223333333334
10,0.17804745000000005,0.0046150533333333375
