,wasm,docker
0,16.898393630981445,824.3398666381836
1,22.093534469604492,850.4011631011963
2,20.081281661987305,816.7486190795898
3,20.46966552734375,835.1364135742188
4,18.877267837524414,791.3458347320557
