WASM,Docker
17.72265625,1.4921875
