WASM,Docker
17.91015625,1.44921875
