WASM,Docker
73.85133558308621,73.5115749495375
