WASM,Docker
15.609375,26.71484375
