WASM,Docker
31.5703125,2.7734375
