WASM,Docker
71.53493645049498,59.78114837588548
