WASM,Docker
29.30078125,2.31640625
