WASM,Docker
13.73828125,26.70703125
