cold,warm,container
2.443606376647949,0.1822037696838379,wasm
5.34845232963562,0.2056586742401123,docker
